<T3DataStructure>
	<meta>
		<langDisable>1</langDisable>
	</meta>
	<sheets>
		<sDEF>
			<ROOT>
				<TCEforms>
					<sheetTitle>LLL:EXT:kk_downloader/Resources/Private/Language/FlexForm.xlf:tx_kkdownloader_conf</sheetTitle>
				</TCEforms>
				<type>array</type>
				<el>
					<what_to_display>
						<TCEforms>
							<label>LLL:EXT:kk_downloader/Resources/Private/Language/FlexForm.xlf:tx_kkdownloader.what_to_display</label>
							<config>
								<type>select</type>
								<items type="array">
									<numIndex index="0" type="array">
										<numIndex index="0">LIST</numIndex>
										<numIndex index="1">LIST</numIndex>
									</numIndex>
									<numIndex index="2" type="array">
										<numIndex index="0">SINGLE</numIndex>
										<numIndex index="1">SINGLE</numIndex>
									</numIndex>
								</items>
								<maxitems>100</maxitems>
								<size>6</size>
								<multiple>1</multiple>
								<selectedListStyle>width:150px</selectedListStyle>
								<itemListStyle>width:150px</itemListStyle>
							</config>
						</TCEforms>
					</what_to_display>

					<dynField>
						<TCEforms>
							<label>LLL:EXT:kk_downloader/Resources/Private/Language/FlexForm.xlf:tx_kkdownloader_cat.cat</label>
							<config>
								<type>select</type>
								<itemsProcFunc>JWeiland\KkDownloader\UserFunc\AddFieldsToFlexForm->addFields</itemsProcFunc>
							</config>
						</TCEforms>
					</dynField>

					<showCats>
						<TCEforms>
							<label>LLL:EXT:kk_downloader/Resources/Private/Language/FlexForm.xlf:tx_kkdownloader.showCats</label>
							<config>
								<type>check</type>
								<default>0</default>
							</config>
						</TCEforms>
					</showCats>

					<orderby>
						<TCEforms>
							<label>LLL:EXT:kk_downloader/Resources/Private/Language/FlexForm.xlf:tx_kkdownloader.orderby</label>
							<config>
								<type>select</type>
								<items type="array">
									<numIndex index="1" type="array">
										<numIndex index="0">LLL:EXT:kk_downloader/Resources/Private/Language/FlexForm.xlf:tx_kkdownloader.orderbyTitle</numIndex>
										<numIndex index="1">name</numIndex>
									</numIndex>
									<numIndex index="2" type="array">
										<numIndex index="0">LLL:EXT:kk_downloader/Resources/Private/Language/FlexForm.xlf:tx_kkdownloader.orderbyFilename</numIndex>
										<numIndex index="1">image</numIndex>
									</numIndex>
									<numIndex index="3" type="array">
										<numIndex index="0">LLL:EXT:kk_downloader/Resources/Private/Language/FlexForm.xlf:tx_kkdownloader.orderbyCrDate</numIndex>
										<numIndex index="1">crdate</numIndex>
									</numIndex>
									<numIndex index="4" type="array">
										<numIndex index="0">LLL:EXT:kk_downloader/Resources/Private/Language/FlexForm.xlf:tx_kkdownloader.orderbyLastModified</numIndex>
										<numIndex index="1">tstamp</numIndex>
									</numIndex>
									<numIndex index="5" type="array">
										<numIndex index="0">LLL:EXT:kk_downloader/Resources/Private/Language/FlexForm.xlf:tx_kkdownloader.orderbyCategory</numIndex>
										<numIndex index="1">cat</numIndex>
									</numIndex>
									<numIndex index="6" type="array">
										<numIndex index="0">LLL:EXT:kk_downloader/Resources/Private/Language/FlexForm.xlf:tx_kkdownloader.orderbyDateLastDownloaded</numIndex>
										<numIndex index="1">last_downloaded</numIndex>
									</numIndex>
									<numIndex index="7" type="array">
										<numIndex index="0">LLL:EXT:kk_downloader/Resources/Private/Language/FlexForm.xlf:tx_kkdownloader.orderbySorting</numIndex>
										<numIndex index="1">sorting</numIndex>
									</numIndex>
								</items>
								<maxitems>1</maxitems>
								<size>1</size>
							</config>
						</TCEforms>
					</orderby>

					<ascdesc>
						<TCEforms>
							<label>LLL:EXT:kk_downloader/Resources/Private/Language/FlexForm.xlf:tx_kkdownloader.ascdesc</label>
							<config>
								<type>select</type>
								<items type="array">
									<numIndex index="1" type="array">
										<numIndex index="0">LLL:EXT:kk_downloader/Resources/Private/Language/FlexForm.xlf:tx_kkdownloader.asc</numIndex>
										<numIndex index="1">ASC</numIndex>
									</numIndex>
									<numIndex index="2" type="array">
										<numIndex index="0">LLL:EXT:kk_downloader/Resources/Private/Language/FlexForm.xlf:tx_kkdownloader.desc</numIndex>
										<numIndex index="1">DESC</numIndex>
									</numIndex>
								</items>
								<maxitems>1</maxitems>
								<size>1</size>
							</config>
						</TCEforms>
					</ascdesc>

					<results_at_a_time>
						<TCEforms>
							<label>LLL:EXT:kk_downloader/Resources/Private/Language/FlexForm.xlf:tx_kkdownloader.results_at_a_time</label>
							<config>
								<type>input</type>
								<size>3</size>
							</config>
						</TCEforms>
					</results_at_a_time>

					<showPagebrowser>
						<TCEforms>
							<label>LLL:EXT:kk_downloader/Resources/Private/Language/FlexForm.xlf:tx_kkdownloader.showPagebrowser</label>
							<config>
								<type>check</type>
								<default>0</default>
							</config>
						</TCEforms>
					</showPagebrowser>

					<imagepreview>
						<TCEforms>
							<label>LLL:EXT:kk_downloader/Resources/Private/Language/FlexForm.xlf:tx_kkdownloader.imagepreview</label>
							<config>
								<type>check</type>
								<default>0</default>
							</config>
						</TCEforms>
					</imagepreview>

					<filesize>
						<TCEforms>
							<label>LLL:EXT:kk_downloader/Resources/Private/Language/FlexForm.xlf:tx_kkdownloader.filesize</label>
							<config>
								<type>check</type>
								<default>0</default>
							</config>
						</TCEforms>
					</filesize>

					<showCRDate>
						<TCEforms>
							<label>LLL:EXT:kk_downloader/Resources/Private/Language/FlexForm.xlf:tx_kkdownloader.showCRDate</label>
							<config>
								<type>select</type>
								<items type="array">
									<numIndex index="1" type="array">
										<numIndex index="0">LLL:EXT:kk_downloader/Resources/Private/Language/FlexForm.xlf:tx_kkdownloader.showCRDate.nodate</numIndex>
										<numIndex index="1">0</numIndex>
									</numIndex>
									<numIndex index="2" type="array">
										<numIndex index="0">LLL:EXT:kk_downloader/Resources/Private/Language/FlexForm.xlf:tx_kkdownloader.showCRDate.date</numIndex>
										<numIndex index="1">1</numIndex>
									</numIndex>
									<numIndex index="3" type="array">
										<numIndex index="0">LLL:EXT:kk_downloader/Resources/Private/Language/FlexForm.xlf:tx_kkdownloader.showCRDate.datetime</numIndex>
										<numIndex index="1">2</numIndex>
									</numIndex>
								</items>
								<maxitems>1</maxitems>
								<size>1</size>
							</config>
						</TCEforms>
					</showCRDate>

					<showEditDate>
						<TCEforms>
							<label>LLL:EXT:kk_downloader/Resources/Private/Language/FlexForm.xlf:tx_kkdownloader.showEditDate</label>
							<config>
								<type>check</type>
								<default>0</default>
							</config>
						</TCEforms>
					</showEditDate>

					<showFileMDate>
						<TCEforms>
							<label>LLL:EXT:kk_downloader/Resources/Private/Language/FlexForm.xlf:tx_kkdownloader.showFileMDate</label>
							<config>
								<type>select</type>
								<items type="array">
									<numIndex index="1" type="array">
										<numIndex index="0">LLL:EXT:kk_downloader/Resources/Private/Language/FlexForm.xlf:tx_kkdownloader.showCRDate.nodate</numIndex>
										<numIndex index="1">0</numIndex>
									</numIndex>
									<numIndex index="2" type="array">
										<numIndex index="0">LLL:EXT:kk_downloader/Resources/Private/Language/FlexForm.xlf:tx_kkdownloader.showCRDate.date</numIndex>
										<numIndex index="1">1</numIndex>
									</numIndex>
									<numIndex index="3" type="array">
										<numIndex index="0">LLL:EXT:kk_downloader/Resources/Private/Language/FlexForm.xlf:tx_kkdownloader.showCRDate.datetime</numIndex>
										<numIndex index="1">2</numIndex>
									</numIndex>
								</items>
								<maxitems>1</maxitems>
								<size>1</size>
							</config>
						</TCEforms>
					</showFileMDate>

					<downloads>
						<TCEforms>
							<label>LLL:EXT:kk_downloader/Resources/Private/Language/FlexForm.xlf:tx_kkdownloader.showclicks</label>
							<config>
								<type>check</type>
								<default>0</default>
							</config>
						</TCEforms>
					</downloads>

					<showDateLastDownload>
						<TCEforms>
							<label>LLL:EXT:kk_downloader/Resources/Private/Language/FlexForm.xlf:tx_kkdownloader.showDateLastDownload</label>
							<config>
								<type>check</type>
								<default>0</default>
							</config>
						</TCEforms>
					</showDateLastDownload>

					<showIPLastDownload>
						<TCEforms>
							<label>LLL:EXT:kk_downloader/Resources/Private/Language/FlexForm.xlf:tx_kkdownloader.showIPLastDownload</label>
							<config>
								<type>check</type>
								<default>0</default>
							</config>
						</TCEforms>
					</showIPLastDownload>

					<template_file>
						<TCEforms>
							<label>LLL:EXT:kk_downloader/Resources/Private/Language/FlexForm.xlf:tx_kkdownloader.template_file</label>
							<config>
								<type>group</type>
								<internal_type>file</internal_type>
								<allowed>tmpl,html,htm</allowed>
								<max_size>100</max_size>
								<maxitems>1</maxitems>
								<size>1</size>
								<selectedListStyle>Width:275px</selectedListStyle>
							</config>
						</TCEforms>
					</template_file>
				</el>
			</ROOT>
		</sDEF>
	</sheets>
</T3DataStructure>
